id,date,owner_id,symbol,side,qty,price,fee,tax,group_id,note
412,2025-03-31,2,HPG,BUY,200.0,26950.0,8000.0,0.0,3f260871b01c,
413,2025-03-31,2,MBB,BUY,200.0,23850.0,7200.0,0.0,8869427106bb,
414,2025-04-03,2,HPG,BUY,200.0,26000.0,7800.0,0.0,d3e6f33e61ac,
415,2025-06-06,2,PVS,BUY,100.0,35200.0,5300.0,0.0,4b1b9704c71d,
416,2025-06-06,2,HPG,BUY,100.0,25200.0,3800.0,0.0,578103dd594a,
417,2025-06-06,2,TCB,BUY,100.0,35350.0,5300.0,0.0,ecd93e3d75b3,
418,2025-06-06,2,STB,BUY,100.0,49700.0,7500.0,0.0,3f03f544bc96,
419,2025-06-06,2,TCB,BUY,100.0,35400.0,5300.0,0.0,875d6703bd18,
420,2025-06-06,2,MBB,BUY,100.0,27200.0,4100.0,0.0,4b4d2aeb74c5,
421,2025-06-06,2,TCB,BUY,100.0,35150.0,5300.0,0.0,feaac7e1aff7,
422,2025-06-06,2,MBB,SELL,200.0,26450.0,2710.0,5290.0,a84151fedcf9,
423,2025-06-06,2,HPG,SELL,300.0,27100.0,4170.0,8130.0,a4d64cb961dc,
424,2025-06-06,2,HPG,SELL,200.0,26050.0,2590.0,5210.0,5b324ce7d741,
425,2025-08-04,2,MBB,BUY,100.0,24400.0,3700.0,0.0,de829d88488d,
426,2025-08-04,2,MBB,BUY,100.0,25050.0,3800.0,0.0,aebe4b5a7913,
427,2025-08-04,2,MBB,SELL,100.0,25350.0,1265.0,2535.0,117168fc8a4a,
428,2025-08-04,2,HPG,BUY,200.0,25750.0,7800.0,0.0,cd38beb75c89,
429,2025-08-04,2,MBB,SELL,100.0,24900.0,1210.0,2490.0,e5a274b1db88,
430,2025-08-04,2,HPG,SELL,200.0,25950.0,2610.0,5190.0,42feacd2979a,
431,2025-08-04,2,MBB,SELL,100.0,25300.0,1270.0,2530.0,34d7edc796de,
432,2025-08-04,2,MBB,BUY,100.0,21150.0,3200.0,0.0,607d7b2ae218,
433,2025-08-04,2,HPG,BUY,100.0,23350.0,3500.0,0.0,652fddd14d16,
434,2025-08-04,2,MBB,BUY,100.0,24600.0,3700.0,0.0,8b0085a5e2b6,
435,2025-08-11,2,STB,BUY,100.0,53200.0,8000.0,0.0,ea8adf02a0e9,
436,2025-08-11,2,FPT,BUY,100.0,104500.0,15700.0,0.0,f545f3c29732,
437,2025-08-11,2,TCB,BUY,100.0,39900.0,6000.0,0.0,cd4c49815b71,
438,2025-08-11,2,HPG,BUY,100.0,28000.0,4200.0,0.0,11bf082a5adc,
439,2025-08-11,2,TCB,SELL,100.0,37900.0,1910.0,3790.0,e3f91053f5f5,
440,2025-08-11,2,MBB,BONUS,32.0,0.0,0.0,0.0,dfab04c5a212,Cổ tức CP
441,2025-08-11,2,MBB,SELL,100.0,30750.0,1525.0,3075.0,d23f983c07dd,
442,2025-08-11,2,STB,SELL,100.0,53100.0,2690.0,5310.0,62882a69588b,
443,2025-08-11,2,TCB,SELL,100.0,37450.0,1855.0,3745.0,7d7b5628b815,
444,2025-10-07,2,MBB,SELL,100.0,27150.0,1385.0,2715.0,770b816d3285,
445,2025-10-07,2,MWG,BUY,100.0,78300.0,11700.0,0.0,05fb6106293a,
446,2025-10-10,2,HPG,BUY,100.0,26300.0,3900.0,0.0,ce9ec7bcc9e4,
447,2025-10-10,2,HPG,BUY,100.0,27600.0,4100.0,0.0,96362eedeca5,
448,2025-10-10,2,VPB,BUY,100.0,29500.0,4400.0,0.0,43ccbd06cb6c,
449,2025-10-10,2,FPT,SELL,100.0,95000.0,4700.0,9500.0,f2b0d787868e,
450,2025-10-10,2,PVS,SELL,100.0,35000.0,1700.0,3500.0,ab4c0b3c1e95,
451,2025-11-05,2,VPB,SELL,100.0,29150.0,1485.0,2915.0,f98790c099a9,
452,2025-11-05,2,MBB,SELL,32.0,24000.0,384.0,768.0,92b59c6f82cb,
453,2025-11-05,2,STB,SELL,100.0,53500.0,2650.0,5350.0,bd071e18cf0b,
454,2025-11-05,2,VIC,BUY,50.0,207400.0,15550.0,0.0,2bf2e369c164,
455,2025-11-07,2,HPG,BUY,100.0,26000.0,3900.0,0.0,c8f8e604518f,
456,2025-12-05,2,VIC,BONUS,50.0,0.0,0.0,0.0,2e9463c23a86,Cổ tức CP
457,2025-12-11,2,VIC,SELL,50.0,140300.0,3485.0,7015.0,25d1a6cd95ce,
458,2025-12-12,2,HPG,BUY,200.0,26000.0,7800.0,0.0,7da86e06f623,
459,2026-01-06,2,HPG,BUY,100.0,25800.0,3900.0,0.0,7e846b793488,
460,2026-01-06,2,HPG,BUY,100.0,25500.0,3800.0,0.0,a89d5b17b649,
461,2026-01-06,2,HPG,BUY,100.0,26000.0,3900.0,0.0,93656ab9a74b,
462,2026-02-04,2,CTG,BUY,100.0,39600.0,5900.0,0.0,0c5f1a94b1d2,
463,2026-02-05,2,HPG,SELL,200.0,38100.0,3780.0,7620.0,4e998635eeee,
464,2026-02-09,2,CTG,BUY,100.0,37600.0,5600.0,0.0,1d13e57b6300,
465,2026-02-09,2,VIC,SELL,50.0,156400.0,3930.0,7820.0,382f3b62c283,
466,2026-03-02,2,TCB,SELL,100.0,34650.0,1735.0,3465.0,32296c6e95c9,
467,2026-03-02,2,PVD,BUY,100.0,41300.0,6200.0,0.0,61c4620b0359,
468,2026-03-02,2,PVS,BUY,100.0,52100.0,7800.0,0.0,a471a97dfc26,
469,2026-03-02,2,CTG,SELL,100.0,36850.0,1815.0,3685.0,0fa14b0b5544,
470,2026-03-02,2,MWG,SELL,100.0,91600.0,4540.0,9160.0,fd74d7353de3,
471,2026-03-02,2,TCB,SELL,100.0,35800.0,1820.0,3580.0,7cc2417dc823,
472,2026-03-02,2,CTG,SELL,100.0,37500.0,1850.0,3750.0,0d1fe30f265b,
473,2026-03-02,2,HPG,SELL,200.0,28150.0,2770.0,5630.0,6e0f411db1e3,
474,2026-03-04,2,MWG,BUY,100.0,87300.0,13100.0,0.0,4518a3874967,
475,2026-03-04,2,MBB,BUY,100.0,27200.0,4100.0,0.0,004356c62a7d,
476,2026-03-04,2,CTG,BUY,100.0,36350.0,5500.0,0.0,ddfae64e2466,
477,2026-03-04,2,HDB,BUY,100.0,26250.0,3900.0,0.0,bf6540050749,
478,2026-03-04,2,PVD,SELL,100.0,45000.0,2200.0,4500.0,999a33047932,
479,2026-03-04,2,PVS,SELL,100.0,52000.0,2600.0,5200.0,7802118a37e1,
480,2026-03-05,2,MWG,BUY,100.0,85300.0,12800.0,0.0,55bbf5cfd9c0,
481,2026-03-06,2,HPG,BUY,100.0,26950.0,4000.0,0.0,a2fc904d5139,
482,2026-03-09,2,MWG,SELL,100.0,77000.0,3800.0,7700.0,b77613d4ff2d,
483,2026-03-09,2,HPG,SELL,300.0,25450.0,3765.0,7635.0,3de9d4f0564a,
484,2026-03-09,2,HPG,SELL,300.0,25500.0,3750.0,7650.0,eeeaeb550049,
485,2026-03-09,2,MBB,SELL,100.0,24900.0,1210.0,2490.0,46e10451fed9,
486,2026-03-09,2,HDB,SELL,100.0,24100.0,1190.0,2410.0,dbce32e6f09d,
487,2026-03-09,2,CTG,SELL,100.0,33200.0,1680.0,3320.0,3292c39b1323,
488,2026-03-10,2,MWG,BUY,200.0,79000.0,23800.0,0.0,77e4aeab24fb,
489,2026-03-10,2,HPG,BUY,200.0,26500.0,8000.0,0.0,5d1700a60ef4,
490,2026-03-10,2,CTG,BUY,200.0,33850.0,10200.0,0.0,c09039bf3448,
491,2026-03-10,2,VIC,BUY,100.0,148700.0,22300.0,0.0,dff818188b94,
492,2026-03-10,2,HPG,BUY,300.0,25900.0,11700.0,0.0,58f832947017,
493,2026-04-03,2,BID,BUY,100.0,39650.0,5900.0,0.0,34f46f81cb83,
494,2026-04-09,2,HPG,SELL,100.0,28250.0,1375.0,2825.0,48202abf3108,
495,2026-04-10,2,MWG,SELL,100.0,84100.0,4190.0,8410.0,d96abf222b82,
496,2026-04-10,2,CTG,SELL,100.0,34900.0,1710.0,3490.0,8f25ff0d979d,
497,2026-04-10,2,VIC,SELL,100.0,151700.0,7630.0,15170.0,de3d41106a8f,
498,2026-04-10,2,CTG,SELL,100.0,35400.0,1760.0,3540.0,0bdf29aa3e73,
499,2026-04-10,2,HPG,SELL,100.0,28400.0,1460.0,2840.0,621ce33dc9f6,
500,2026-04-22,2,HPG,SELL,100.0,28500.0,1450.0,2850.0,06d23373531c,
501,2026-05-06,2,HPG,BUY,200.0,27400.0,8200.0,0.0,7f410ed3107a,
502,2026-05-07,2,VHM,BUY,100.0,153900.0,23100.0,0.0,d73adeed5a3d,
503,2026-05-08,2,MWG,BUY,100.0,76000.0,11400.0,0.0,0d98414794e5,
504,2026-05-08,2,NVL,BUY,100.0,16700.0,2500.0,0.0,d6f4f7a2e748,
505,2026-05-08,2,HPG,BUY,200.0,26650.0,8000.0,0.0,de04451af203,
506,2026-05-08,2,MWG,BUY,100.0,79700.0,12000.0,0.0,a374863f6218,
507,2026-05-08,2,HPG,BUY,100.0,26000.0,3900.0,0.0,bf3e5a887380,
508,2026-06-02,2,HPG,BONUS,80.0,0.0,0.0,0.0,90eae0df6f90,Cổ tức CP
509,2026-06-02,2,NVL,BONUS,8.0,0.0,0.0,0.0,9f29b2396a99,Cổ tức CP
510,2026-06-08,2,VHM,BONUS,100.0,0.0,0.0,0.0,8b16c58dc5f9,Cổ tức CP
511,2025-01-06,1,HPG,BUY,100.0,26000.0,3900.0,0.0,33e9e0af9ab7,import sheet
512,2025-01-06,1,HPG,BUY,100.0,25800.0,3900.0,0.0,5aa020f015c2,import sheet
513,2025-01-06,1,HPG,BUY,100.0,25500.0,3800.0,0.0,4ae5a7f8e79e,import sheet
514,2025-03-31,1,HPG,BONUS,200.0,0.0,0.0,0.0,a137ea0c113e,Cổ phiếu thưởng/cổ tức CP
515,2025-03-31,1,PDR,BONUS,14.0,0.0,0.0,0.0,7af6f79ed313,Cổ phiếu thưởng/cổ tức CP
516,2025-03-31,1,HPG,BONUS,420.0,0.0,0.0,0.0,981f27eb9ed9,Cổ phiếu thưởng/cổ tức CP
517,2025-03-31,1,POW,BONUS,200.0,0.0,0.0,0.0,33b181386089,Cổ phiếu thưởng/cổ tức CP
518,2025-03-31,1,MBB,BONUS,200.0,0.0,0.0,0.0,af59432d9b8d,Cổ phiếu thưởng/cổ tức CP
519,2025-03-31,1,IDI,BONUS,400.0,0.0,0.0,0.0,4584ace853e5,Cổ phiếu thưởng/cổ tức CP
520,2025-03-31,1,HSG,BONUS,200.0,0.0,0.0,0.0,8e96c42f06b4,Cổ phiếu thưởng/cổ tức CP
521,2025-04-08,1,HPG,BONUS,200.0,0.0,0.0,0.0,14782e862cd6,Cổ phiếu thưởng/cổ tức CP
522,2025-04-08,1,MBB,BONUS,200.0,0.0,0.0,0.0,f56c9aed9d2c,Cổ phiếu thưởng/cổ tức CP
523,2025-04-14,1,HSG,BONUS,100.0,0.0,0.0,0.0,54255077c55a,Cổ phiếu thưởng/cổ tức CP
524,2025-04-17,1,HSG,BONUS,100.0,0.0,0.0,0.0,d372c45701b6,Cổ phiếu thưởng/cổ tức CP
525,2025-04-18,1,MBB,BUY,100.0,24400.0,3700.0,0.0,3af0fc075f38,import sheet
526,2025-04-18,1,MBB,BUY,100.0,24600.0,3700.0,0.0,e803ca047c9b,import sheet
527,2025-04-18,1,MBB,SELL,100.0,25350.0,1265.0,2535.0,afb33925e0a7,import sheet
528,2025-04-18,1,MBB,BUY,100.0,25050.0,3800.0,0.0,bb4ce7fad48f,import sheet
529,2025-04-18,1,HSG,SELL,100.0,16300.0,770.0,1630.0,675c8f135345,import sheet
530,2025-04-18,1,HSG,SELL,100.0,15600.0,740.0,1560.0,00ce9a3b83f4,import sheet
531,2025-04-18,1,HPG,SELL,300.0,25950.0,3915.0,7785.0,09b2b6c3a0c0,import sheet
532,2025-04-18,1,MBB,SELL,200.0,25300.0,2540.0,5060.0,c7d743329caa,import sheet
533,2025-04-18,1,HSG,BONUS,100.0,0.0,0.0,0.0,06b1d5f10de7,Cổ phiếu thưởng/cổ tức CP
534,2025-04-18,1,HPG,BUY,300.0,25750.0,11700.0,0.0,090c329ced4e,import sheet
535,2025-04-18,1,MBB,SELL,100.0,24900.0,1210.0,2490.0,5e0d6dfb2383,import sheet
536,2025-06-06,1,HPG,SELL,500.0,26050.0,6475.0,13025.0,b4ab47f051ec,import sheet
537,2025-06-06,1,HSG,SELL,100.0,16350.000000000002,865.0,1635.0,43a60aa75b48,import sheet
538,2025-06-06,1,VRE,BUY,100.0,24750.0,3700.0,0.0,4b5ab4cae3cd,import sheet
539,2025-06-06,1,MBB,BUY,300.0,25000.0,0.0,0.0,f95e8150da51,import sheet
540,2025-06-06,1,HPG,BUY,400.0,26850.0,0.0,0.0,5cb4bf81278d,import sheet
541,2025-06-06,1,HPG,SELL,300.0,27100.0,4170.0,8130.0,1d14e6db4b9a,import sheet
542,2025-06-06,1,HPG,BONUS,84.0,0.0,0.0,0.0,dbbca9b2c9bc,Cổ phiếu thưởng/cổ tức CP
543,2025-07-01,1,HPG,SELL,400.0,22700.0,4520.0,9080.0,0a387fbe3396,import sheet
544,2025-07-08,1,EIB,BUY,100.0,23650.0,3500.0,0.0,7bb60edd058c,import sheet
545,2025-07-08,1,MWG,BUY,100.0,66600.0,10000.0,0.0,fa636dfa55f9,import sheet
546,2025-07-08,1,STB,BUY,100.0,47700.0,7200.0,0.0,e64057ca2f1f,import sheet
547,2025-07-08,1,VIC,BUY,100.0,93000.0,14000.0,0.0,0efa46a4bce9,import sheet
548,2025-07-11,1,MWG,SELL,100.0,67600.0,3340.0,6760.0,a87a2b8c702c,import sheet
549,2025-07-11,1,HPG,BUY,100.0,25200.0,3800.0,0.0,d06f0e5afdb9,import sheet
550,2025-07-11,1,PVS,BUY,100.0,35200.0,5300.0,0.0,55ebdc4a80bf,import sheet
551,2025-07-11,1,TCB,BUY,100.0,35400.0,5300.0,0.0,04d88f160412,import sheet
552,2025-07-11,1,STB,BUY,100.0,49700.0,7500.0,0.0,f926e021896b,import sheet
553,2025-07-11,1,TCB,BUY,100.0,35350.0,5300.0,0.0,41d829b95c0d,import sheet
554,2025-07-11,1,TCB,BUY,100.0,35150.0,5300.0,0.0,05fdfdca59d1,import sheet
555,2025-07-11,1,VRE,SELL,100.0,28200.0,1380.0,2820.0,b708d3cfdaa9,import sheet
556,2025-07-11,1,VIC,SELL,100.0,112300.0,5570.0,11230.0,f0f0c82843c9,import sheet
557,2025-07-11,1,EIB,SELL,100.0,24950.0,1205.0,2495.0,0ada242c0c47,import sheet
558,2025-07-11,1,POW,SELL,200.0,13900.0,1420.0,2780.0,212451a6fb10,import sheet
559,2025-07-11,1,MBB,SELL,300.0,26450.0,4065.0,7935.0,48be0d390b6a,import sheet
560,2025-07-11,1,MBB,BUY,100.0,27200.0,4100.0,0.0,2481525bf920,import sheet
561,2025-08-05,1,VHM,BUY,100.0,93000.0,14000.0,0.0,6eb97acc5065,import sheet
562,2025-08-11,1,TCB,BUY,100.0,39900.0,6000.0,0.0,a691771fd98c,import sheet
563,2025-08-11,1,FPT,BUY,100.0,104500.0,15700.0,0.0,a96db1b70f33,import sheet
564,2025-08-11,1,DIG,BUY,100.0,22000.0,3300.0,0.0,17793713e75b,import sheet
565,2025-08-11,1,STB,BUY,100.0,53200.0,8000.0,0.0,8141b9e0b5f3,import sheet
566,2025-08-11,1,MBB,SELL,100.0,30750.0,1525.0,3075.0,3406624df1ea,import sheet
567,2025-08-11,1,TCB,SELL,100.0,37450.0,1855.0,3745.0,6d51077f3c60,import sheet
568,2025-08-11,1,STB,SELL,100.0,53600.0,2640.0,5360.0,7e91900729ac,import sheet
569,2025-08-11,1,MBB,BONUS,96.0,0.0,0.0,0.0,db59bc22544f,Cổ phiếu thưởng/cổ tức CP
570,2025-08-11,1,STB,SELL,100.0,53100.0,2690.0,5310.0,3a9d70658ac4,import sheet
571,2025-08-11,1,TCB,SELL,100.0,37900.0,1910.0,3790.0,0220c9187ec9,import sheet
572,2025-08-11,1,HPG,BUY,100.0,28000.0,4200.0,0.0,ec5eea375007,import sheet
573,2025-10-07,1,MBB,SELL,300.0,27150.0,4155.0,8145.0,b5349b40b94a,import sheet
574,2025-10-07,1,IDI,SELL,400.0,8130.000000000001,1548.0,3252.0,ed1c6d34c4f4,import sheet
575,2025-10-07,1,MWG,BUY,100.0,78300.0,11700.0,0.0,b066de870fdb,import sheet
576,2025-10-09,1,DIG,SELL,100.0,20600.0,1040.0,2060.0,8c7afba0b27f,import sheet
577,2025-10-10,1,HPG,BUY,100.0,26300.0,3900.0,0.0,50ddcb5bd787,import sheet
578,2025-10-10,1,PVS,SELL,100.0,35000.0,1700.0,3500.0,0f4573f31ccd,import sheet
579,2025-10-10,1,HPG,BUY,100.0,27600.0,4100.0,0.0,369036f236d9,import sheet
580,2025-10-10,1,VPB,BUY,100.0,29500.0,4400.0,0.0,5ae1911bc47a,import sheet
581,2025-10-10,1,PDR,SELL,14.0,23750.0,172.0,332.0,90d0007f188c,import sheet
582,2025-10-10,1,FPT,SELL,100.0,95000.0,4700.0,9500.0,0692e77f33bd,import sheet
583,2025-11-05,1,VPB,SELL,100.0,29150.0,1485.0,2915.0,4fe4c782185e,import sheet
584,2025-11-05,1,STB,SELL,100.0,53500.0,2650.0,5350.0,2e64ee0f7171,import sheet
585,2025-11-05,1,VIC,BUY,50.0,207400.0,15550.0,0.0,2cd777853a3f,import sheet
586,2025-11-07,1,HPG,BUY,100.0,26000.0,3900.0,0.0,4e85f15821ae,import sheet
587,2025-12-05,1,VIC,BONUS,50.0,0.0,0.0,0.0,6cf4de94b3dc,Cổ phiếu thưởng/cổ tức CP
588,2025-12-11,1,VIC,SELL,50.0,140300.0,3485.0,7015.0,0ae61cfaad95,import sheet
589,2025-12-12,1,HPG,BUY,200.0,26000.0,7800.0,0.0,8570e154882b,import sheet
590,2025-12-12,1,VHM,SELL,100.0,109500.0,5450.0,10950.0,d860a1e9e936,import sheet
591,2026-02-04,1,CTG,BUY,100.0,39450.0,5900.0,0.0,7cd19edb69df,import sheet
592,2026-02-05,1,HPG,SELL,200.0,28100.0,2780.0,5620.0,5d321503f7e7,import sheet
593,2026-02-09,1,VIC,SELL,50.0,156400.0,3930.0,7820.0,2fe92ec23d57,import sheet
594,2026-02-09,1,CTG,BUY,100.0,37600.0,5600.0,0.0,a17992c0dae7,import sheet
595,2026-03-02,1,CTG,SELL,100.0,37500.0,1850.0,3750.0,b26957139d6f,import sheet
596,2026-03-02,1,TCB,SELL,100.0,35800.0,1820.0,3580.0,c9baf2143c7f,import sheet
597,2026-03-02,1,MBB,SELL,100.0,28000.0,1400.0,2800.0,abfb51cfb002,import sheet
598,2026-03-02,1,MWG,SELL,100.0,91800.0,4620.0,9180.0,4d3e82a90052,import sheet
599,2026-03-02,1,HPG,SELL,200.0,28150.0,2770.0,5630.0,58025c96c093,import sheet
600,2026-03-02,1,PVS,BUY,100.0,52100.0,7800.0,0.0,ff109bf37d8a,import sheet
601,2026-03-02,1,PVD,BUY,100.0,41300.0,6200.0,0.0,c2284d4c0f25,import sheet
602,2026-03-02,1,CTG,SELL,100.0,36850.0,1815.0,3685.0,d98bcba0e66c,import sheet
603,2026-03-02,1,TCB,SELL,100.0,34650.0,1735.0,3465.0,872557734120,import sheet
604,2026-03-04,1,PVD,SELL,100.0,45000.0,2200.0,4500.0,efca1678ad81,import sheet
605,2026-03-04,1,MWG,BUY,100.0,87300.0,13100.0,0.0,9cb5b5fc3392,import sheet
606,2026-03-04,1,MBB,BUY,100.0,27200.0,4100.0,0.0,dc10215a3909,import sheet
607,2026-03-04,1,CTG,BUY,100.0,36350.0,5500.0,0.0,8529d21743f1,import sheet
608,2026-03-04,1,HDB,BUY,100.0,26250.0,3900.0,0.0,81fef55e7774,import sheet
609,2026-03-04,1,PVS,SELL,100.0,52000.0,2600.0,5200.0,e504fbbeb40f,import sheet
610,2026-03-05,1,MWG,BUY,100.0,85300.0,12800.0,0.0,2660c4320a7c,import sheet
611,2026-03-06,1,HPG,BUY,100.0,26950.0,4000.0,0.0,f7462a36662c,import sheet
612,2026-03-09,1,CTG,SELL,100.0,33200.0,1680.0,3320.0,e94acbade28b,import sheet
613,2026-03-09,1,HDB,SELL,100.0,24100.0,1190.0,2410.0,40cd31b6a18a,import sheet
614,2026-03-09,1,MBB,SELL,100.0,24900.0,1210.0,2490.0,a01e64480f7e,import sheet
615,2026-03-09,1,HPG,SELL,300.0,25500.0,3750.0,7650.0,8e0bac12b986,import sheet
616,2026-03-09,1,MWG,SELL,100.0,77000.0,3800.0,7700.0,01b2e307bd50,import sheet
617,2026-03-09,1,HPG,SELL,400.0,25450.0,5020.0,10180.0,86b1ae5d9898,import sheet
618,2026-03-09,1,HPG,SELL,4.0,25350.0,51.0,101.0,6a83d70d3526,import sheet
619,2026-03-10,1,HPG,BUY,300.0,25900.0,11700.0,0.0,13b790c3a692,import sheet
620,2026-03-10,1,VIC,BUY,100.0,148700.0,22300.0,0.0,e5f54499824e,import sheet
621,2026-03-10,1,MWG,BUY,200.0,79000.0,23800.0,0.0,ab81d1efa9a9,import sheet
622,2026-03-10,1,HPG,BUY,200.0,26500.0,8000.0,0.0,578179bf12a9,import sheet
623,2026-03-10,1,CTG,BUY,200.0,33850.0,10200.0,0.0,4d5b29e581e6,import sheet
624,2026-04-03,1,BID,BUY,100.0,39650.0,5900.0,0.0,f752f9662367,import sheet
625,2026-04-09,1,HPG,SELL,100.0,28250.0,1375.0,2825.0,d48ade09defb,import sheet
626,2026-04-10,1,MWG,SELL,100.0,84100.0,4190.0,8410.0,f77935f2c794,import sheet
627,2026-04-10,1,HPG,SELL,100.0,28500.0,1450.0,2850.0,c7dcbcfc4ae5,import sheet
628,2026-04-10,1,CTG,SELL,100.0,34900.0,1710.0,3490.0,d5a622ca3039,import sheet
629,2026-04-10,1,CTG,SELL,100.0,35400.0,1760.0,3540.0,1d961eb3383e,import sheet
630,2026-04-10,1,VIC,SELL,100.0,151700.0,7630.0,15170.0,52fe9ef7c97e,import sheet
631,2026-04-10,1,HPG,SELL,100.0,28400.0,1460.0,2840.0,8a451498ae99,import sheet
632,2026-05-06,1,HPG,BUY,200.0,27400.0,8200.0,0.0,2b907126ab48,import sheet
633,2026-05-07,1,VHM,BUY,100.0,153900.0,23100.0,0.0,b85458be82d1,import sheet
634,2026-05-08,1,NVL,BUY,100.0,16700.0,2500.0,0.0,1a8d7ee458b5,import sheet
635,2026-05-08,1,HPG,BUY,200.0,26650.0,8000.0,0.0,efe941e96e66,import sheet
636,2026-05-08,1,MWG,BUY,100.0,79700.0,12000.0,0.0,61fa62f74d62,import sheet
637,2026-05-08,1,HPG,BUY,100.0,26000.0,3900.0,0.0,ea076e154b8f,import sheet
638,2026-05-08,1,MWG,BUY,100.0,76000.0,11400.0,0.0,188da48c17b2,import sheet
639,2026-06-03,1,HPG,BONUS,80.0,0.0,0.0,0.0,c1c4699da517,Cổ phiếu thưởng/cổ tức CP
640,2026-06-03,1,NVL,BONUS,8.0,0.0,0.0,0.0,df46089ac5f0,Cổ phiếu thưởng/cổ tức CP
641,2026-08-06,1,VHM,BONUS,100.0,0.0,0.0,0.0,954ed1571dc9,Cổ phiếu thưởng/cổ tức CP
